Job ID#,Company,Position,# of positions,Student1,Student2,Student3,Student4,Student5,Student6,Student7,Student8,Student9,Student10,Student11,Student12,Student13,Student14,Student15
Walmart1,Walmart,x,3,Hessie,Sam,Frieda,Leda,Isabell,Nannie,Elias,Birtie,Alfred,Lucile,Hortense,Kittie,Peggy,Ole,Johanna
Exxon Mobil1,Exxon Mobil,x,3,Frederic,Kenneth,Priscilla,Clayton,Josh,Napoleon,Manerva,Phillip,Luvenia,Morgan,Estella,Granville,Lucretia,Tressa,Curtis
Berkshire Hathaway1,Berkshire Hathaway,x,2,Geneva,Louella,Alexander,Charley,Sylvester,Jeanette,Eleanore,Lucian,Randolph,Grover,Jeff,Madie,Wilda,Celestine,Fredrick
Apple1,Apple,x,3,Dennis,Pete,Helena,Reginald,Retta,Marion,Merritt,Theresa,Zena,Felix,Elda,Emily,Lila,Tobe,Bess
UnitedHealth Group1,UnitedHealth Group,x,2,Yetta,Herbert,Berta,Nick,Antonio,Georgiana,Isiah,Arie,Delbert,Margie,Leora,Hugh,Julius,Wilbert,Faith
McKesson1,McKesson,x,5,Scott,Isabell,Emilie,Sophronia,Wilber,Ernest,Mike,Almira,Edwin,Lew,Ettie,Magdalena,Alonzo,Andrew,Metta
CVS Health1,CVS Health,x,2,Amie,Joseph,Selina,Ara,Dan,Anderson,Margret,Enoch,Bridget,Edmund,Avis,Mellie,Antoinette,Izora,Maymie
Amazon.com1,Amazon.com,x,4,Otto,Matilda,Idell,Zoe,Dennis,Ava,Alida,Lauretta,Willa,Eola,Zora,Leitha,Sherman,Leta,Mahala
AT&T1,AT&T,x,2,Wiley,Hermine,Retta,Ephraim,Joe,Merritt,Cyrus,Alverta,Theodosia,Sally,Larkin,Celina,Clyde,Gabriel,Monroe
General Motors1,General Motors,x,4,Cherry,Freda,Monroe,Franklin,Victor,Virgil,Rudolph,Letta,Isabelle,Iola,Leo,Kittie,Clarissa,Adah,Willie
Ford Motor1,Ford Motor,x,3,Magdalen,Jeanette,Pete,Maye,Lilly,Arvilla,Guy,Emanuel,Ollie,Ross,Priscilla,Louie,Myrtie,Evan,Emmet
AmerisourceBergen1,AmerisourceBergen,x,5,Lonnie,Antonio,Virgil,Lular,Kathrine,Philomena,Ray,Micheal,Gabriel,Elliott,Maymie,Delbert,Patience,Nick,Luther
Chevron1,Chevron,x,3,Gracie,Adelia,Ora,Mammie,Bernadette,Jack,Enoch,Adelbert,Nena,Minerva,Jerome,Calvin,Carl,Creola,Max
Cardinal Health1,Cardinal Health,x,5,Hardy,Lavinia,Josie,Corine,Rudolph,Leon,Evalyn,Joseph,Ethyl,Solomon,Eola,Leonard,Perley,Pedro,Fletcher
Costco1,Costco,x,2,Odessa,Mellie,Jason,Etta,Arrie,Mathilde,Carra,Creola,Angeline,Nena,Magdalene,Donald,Lucia,Columbus,Loretta
Verizon1,Verizon,x,5,Corda,Bella,Stella,Rufus,Angelina,Milton,Howard,Reginald,Joe,Lavenia,Leon,Rowena,Jeanne,Theodora,Elda
Kroger1,Kroger,x,4,Nevada,Veronica,Daisie,Lyman,Matilda,Mazie,Orin,Bruce,Althea,Hamilton,Minervia,Bill,Virgil,Eli,Harry
General Electric1,General Electric,x,3,Karl,Myra,Raleigh,Josie,Leana,Rollie,Stewart,Era,Iona,Miles,Cary,Ava,Angelina,Ara,Mittie
Walgreens Boots Alliance1,Walgreens Boots Alliance,x,5,Magdalen,Madge,Leota,Lee,Joel,Anton,Ludie,Dellar,Carlos,Porter,Luella,Cathrine,Philip,Sophie,Egbert
JPMorgan Chase1,JPMorgan Chase,x,3,Hubert,Leo,Tessie,Emory,Emelia,Lilla,George,Gus,Angie,Elmer,Margarette,Giles,Sadie,Althea,Ben
Fannie Mae1,Fannie Mae,x,4,Clarence,Selina,Melvina,Lorena,Anita,Rosia,Lester,Diana,Raleigh,Dan,Verdie,Calvin,Johnnie,Clemie,Forrest
Alphabet1,Alphabet,x,5,Bama,Cornelia,Alfred,Sena,Bennett,Nona,Emmer,Ethelyn,Emelia,Carolina,Mahala,Anastasia,Eli,Charley,Gilbert
Home Depot1,Home Depot,x,4,Leo,Iola,Oliver,Vern,Lucian,Annette,Minervia,Clarence,Zoe,Magnolia,Van,Pleasant,Isabelle,Evalyn,Erna
Bank of America Corp.1,Bank of America Corp.,x,5,Reuben,Christian,Dolly,Elmira,Jane,Oliver,Media,Jesse,Rosalie,Josh,Lyda,Joshua,Cathrine,Angie,Alvin
Express Scripts Holding1,Express Scripts Holding,x,4,Johnny,Christ,Charlotte,Pansy,Elena,Corine,Benjamin,Ora,Isaac,Lucien,Claud,Cal,Bob,Vina,Permelia
Wells Fargo1,Wells Fargo,x,3,Bernard,Napoleon,Evan,Mason,Amelia,Lige,Anastasia,Lorena,Myra,Vina,Isaac,Celia,Herman,Axel,Judge
Boeing1,Boeing,x,2,Irena,Nina,Dorcas,Daisey,Fritz,Tony,Myrtie,Lew,Tobe,Nan,Vina,Cecilia,Lila,Madeline,Elwood
Phillips 661,Phillips 66,x,4,Walker,Fritz,Creola,Jennette,Paul,Loren,Corinne,Nan,Walter,Adline,Mahala,Christ,Eugenie,Clint,Ray
Anthem1,Anthem,x,3,Martin,Dallas,Gina,Gustav,Velma,Enos,Alverta,Ava,Luke,Nella,Wallace,Aimee,Albertina,Vernon,Lenore
Microsoft1,Microsoft,x,4,Sena,Belle,Fay,Magdalena,Neppie,Elise,Clarence,Eve,Sophie,Zoa,Emil,Ernestine,Roxanna,Theresa,Lenna
Valero Energy1,Valero Energy,x,3,Cary,Muriel,Isabel,Almeda,Barney,Mellie,Elsa,Lavinia,Ila,Mike,Sara,Margery,Lynn,Giles,Leonie
Citigroup1,Citigroup,x,4,Marshall,Prudence,Christian,Adele,Mark,Sallie,Elvira,Omar,Clyda,Cecelia,Madeline,Tabitha,Jess,Pedro,Matthew
Comcast1,Comcast,x,5,Millicent,Eddie,Evelina,Jerry,Archie,Jacob,Selma,Egbert,Margery,Gina,Besse,Vida,Celestine,Bruce,Napoleon
IBM1,IBM,x,2,Cathrine,Jason,Jacob,Jefferson,Octavia,Judson,Dell,Cassius,Mariah,Althea,Edward,Olga,Omar,Bill,Elisabeth
Dell Technologies1,Dell Technologies,x,4,Jannie,Zelma,Lester,Madge,Irvin,Maye,Berry,Marion,Erma,Luella,Cinda,Kathrine,Almira,Sadie,Harriette
State Farm Insurance Cos.1,State Farm Insurance Cos.,x,3,Lewis,Milo,Aaron,Mable,Dona,Ernest,Adolph,Etha,Zona,Cary,Lanie,Leila,Helene,Amie,Lelia
Johnson & Johnson1,Johnson & Johnson,x,3,Hans,Jackson,Wash,Ona,Savannah,Lanie,Jordan,Hilma,Catharine,Karl,Regina,Elda,Loyd,Juliet,Tom
Freddie Mac1,Freddie Mac,x,3,Benjiman,Lorena,Ona,Eda,Zoa,Gust,Dena,Harriette,Albina,Orpha,Boyd,Melinda,Amber,Leonard,Helma
Target1,Target,x,5,Lilian,Mathilda,Luvenia,Garfield,Axel,Dick,Edmund,Franklin,Lanie,Daisie,Delia,Calla,Dorsey,Indiana,Ardella
Lowe’s1,Lowe’s,x,5,Queenie,Patience,Joe,Mariah,Abram,Reba,Fidelia,Forrest,Orlando,Parker,Addison,Ned,Davis,Wade,Creola
Marathon Petroleum1,Marathon Petroleum,x,2,Liller,Grayce,Elijah,Julie,Marshall,Mable,Malissa,Adda,Max,Curtis,Harvey,Emanuel,Irma,Cecil,Nannie
Procter & Gamble1,Procter & Gamble,x,4,Eleanore,Georgiana,Lucretia,Harriett,Nathan,Fidelia,Julie,Allen,Richard,Sula,Douglas,Irena,Judson,Annetta,Emery
MetLife1,MetLife,x,4,Camilla,Margeret,Albert,Sophie,Leora,Stephen,Eugenie,Seth,Dinah,Mayme,Abner,Orville,Ross,Roscoe,Francisco
UPS1,UPS,x,2,Rosanna,Curtis,Caleb,Clinton,Selina,Charles,Carl,Margeret,Bess,Leota,Lucie,Pete,Agatha,Dell,Garfield
PepsiCo1,PepsiCo,x,4,Van,Adrian,Kathrine,Cordie,Grayce,Reginald,Morris,Zoe,Aurora,Permelia,Camilla,Mathilda,Garfield,Mable,Juliet
Intel1,Intel,x,3,Maurice,Clifton,Liller,Oscar,Elinor,Rowena,Jeanette,Kitty,Sophia,Andy,Annabelle,Joel,Harley,Adelaide,Elisha
DowDuPont1,DowDuPont,x,3,Eddie,Nelson,Sally,Marcus,Malinda,Margie,Jason,Grover,Omar,Emelie,Leone,Davis,Bridget,Cecelia,Calla
Archer Daniels Midland1,Archer Daniels Midland,x,3,Missouri,Davis,Harriett,Ethyl,Lloyd,Erastus,Jessie,Luke,Idella,Eli,Leone,Bama,Myrta,Sula,Hedwig
Aetna1,Aetna,x,4,Andrew,Easter,Leda,Fidelia,Fay,Stanley,Rosia,Lela,Cary,Eugene,Harris,Cornelius,Howell,Seth,Carolina
FedEx1,FedEx,x,3,Elmo,Forrest,Tennie,Amalia,Larkin,Marion,Howard,Mandy,Liddie,Junius,Minerva,Ludie,Veronica,Hanna,Corda
United Technologies1,United Technologies,x,5,Classie,Dorothea,Leana,Casper,Nathan,Polly,Howell,Tishie,Vinnie,Allen,Irvin,Van,Alverta,Fay,Juliet
Prudential Financial1,Prudential Financial,x,2,Libbie,Frank,Amos,Lemuel,Jasper,Magdalena,Mahlon,Alverta,Etna,Geraldine,Chas,Jackson,Molly,Arizona,Becky
Albertsons Cos.1,Albertsons Cos.,x,2,Regina,Jefferson,Muriel,Joella,Adolphus,Lucretia,Manerva,Doshia,Ephraim,Patty,Eloise,Wilda,Larkin,Alma,Theodore
Sysco1,Sysco,x,4,Barney,Tishie,Tony,Ray,Asa,Louvenia,Melville,Dorothea,Issac,Clarinda,Henrietta,Daniel,Theodore,Paralee,Clemie
Disney1,Disney,x,2,Leone,Squire,Louvenia,Ophelia,Mathilda,Corrie,Alida,Tressa,Lew,Minta,Harley,Christ,Lida,Dellar,Dell
Humana1,Humana,x,5,Bennett,Adolphus,Louis,Cinda,Christopher,Alford,Eugenia,Zada,Theodosia,Jose,Blanch,Celina,Glenn,Zelma,Janie
Pfizer1,Pfizer,x,4,Margret,Neil,Rowena,Leo,Elsa,Edythe,Lucia,Jack,Green,Lenora,Zada,Dock,Lilla,Rena,Jay
HP1,HP,x,2,Benjiman,Daisie,Adam,Minervia,Warren,Stuart,Elda,Emmie,Manuel,Wanda,Otis,Joseph,Orpha,Melinda,Sena
Lockheed Martin1,Lockheed Martin,x,3,Maye,Cathrine,Adelbert,Hardy,Ervin,Angeline,Pattie,Bernard,Aimee,Meta,Rosalia,Enos,Lavina,Alvin,Rowena
AIG1,AIG,x,5,Nathaniel,Randolph,Enoch,Hugh,Cal,Emelia,Emmer,Oscar,Leah,Marvin,Clinton,Josh,Lelia,Leonard,Birdie
Centene1,Centene,x,2,Johnie,Paul,Herman,Burton,Queenie,Alvin,Oran,Diana,Lige,Roberta,Harry,Vern,Isabelle,Emmie,Miriam
Cisco Systems1,Cisco Systems,x,2,Reuben,Emery,Mai,Wiley,Frederick,Harris,Jennette,Luther,Dollie,Merritt,Lucretia,Adelbert,Diana,Neal,Dudley
HCA Healthcare1,HCA Healthcare,x,3,Forrest,Harry,Elizebeth,Erastus,Octavia,Una,Gracie,Charlotte,Mathilde,Myron,Eleanore,Louis,Perley,Elias,Harley
Energy Transfer Equity1,Energy Transfer Equity,x,2,Clint,Lew,Jimmie,Harriett,Carlotta,Burl,Mettie,Zelma,Dudley,Elise,Chas,Merle,Huldah,Sadie,Grover
Caterpillar1,Caterpillar,x,5,Dinah,Silas,Don,Katheryn,Patience,Jordan,Lorenzo,Sam,Eldora,Sophronia,Wilhelmina,Van,Harmon,Karl,Johnie
Nationwide1,Nationwide,x,4,Bud,Burl,Mathilda,Harris,Gustave,Horatio,Adele,Forest,Major,Zack,Jannie,Minerva,Israel,Leonard,Theresa
Morgan Stanley1,Morgan Stanley,x,5,Selma,Evie,Dessa,Geneva,Aline,Roberta,Dorsey,Madge,Phoebe,Carra,Irma,Fritz,Florance,Evaline,William
Liberty Mutual Insurance Group1,Liberty Mutual Insurance Group,x,2,Adele,Daniel,Clayton,Lavina,Veronica,Celestia,Bernard,Selma,Lige,Bill,Mack,Marshall,Elizebeth,Angelina,Abraham
New York Life Insurance1,New York Life Insurance,x,5,Georgianna,Harmon,Nena,Melville,Squire,Lugenia,Isabel,Daisie,Roy,Phillip,Adah,Chester,Nella,Ellis,Eulalia
Goldman Sachs Group1,Goldman Sachs Group,x,4,Magnolia,Adolphus,Edmonia,Larkin,Merle,Jonathan,Bennie,Chas,Hannah,Dock,Freeman,James,Verdie,Clint,Wilber
American Airlines Group1,American Airlines Group,x,5,Lona,Sena,Aubrey,Margret,Pleasant,Sula,Pedro,Neal,Raleigh,Vida,Reginald,Omar,Timothy,Luella,Zoe
Best Buy1,Best Buy,x,2,Tobe,Phoebe,Evaline,Van,Tressa,Oliver,Sylvester,Etha,Evalyn,Alyce,Alida,Larkin,Johnnie,Washington,Arminta
Cigna1,Cigna,x,5,Rosanna,Donald,Pinkie,Fred,Birdie,Bud,Otho,Ara,Geraldine,Christopher,Warren,Garfield,Dave,Christena,Mammie
Charter Communications1,Charter Communications,x,5,Selma,Dave,Celia,Ambrose,Mathilde,Paulina,Inga,Geneva,Taylor,Jess,Sophronia,Dick,Reuben,Emmet,Mona
Delta Air Lines1,Delta Air Lines,x,5,Letitia,Vinnie,Olivia,Dee,Harris,Leta,Liza,Donie,Archibald,Robert,Byron,Gracie,Abby,Edd,Hessie
Facebook1,Facebook,x,3,Corinne,Steve,Meta,Martina,Rolla,Clay,Isabel,Egbert,Warren,Lige,Emelie,Anne,Fay,Hannah,Charlotte
Honeywell International1,Honeywell International,x,2,Rolla,Lemuel,Gena,Tilda,Ellis,Alvah,Maurice,Sophie,Ophelia,Dallas,Adolph,Adrian,Meda,Erwin,Vern
Merck1,Merck,x,2,Fidelia,Willa,Carlotta,Hanna,Irwin,Wilburn,Ava,Eve,Jenny,Daniel,Lilly,Adelia,Geo,Cicero,Isiah
Allstate1,Allstate,x,3,Spencer,Wallace,Julian,Antonio,Austin,Perley,Erna,Roberta,Phillip,Isabelle,Selma,Nathaniel,Otelia,Max,Lawson
Tyson Foods1,Tyson Foods,x,2,Joella,Lenna,Hilma,Zola,Liza,Lawson,Gust,Mandy,Eleanore,Louie,Otis,Chris,Chauncey,Claude,Elisabeth
United Continental Holdings1,United Continental Holdings,x,3,Corda,Henrietta,Hilda,Tishie,Eugene,Winnifred,Angus,Lyda,Marietta,Annabel,Julius,Loma,Alvina,Wilbur,Aaron
Oracle1,Oracle,x,2,Albina,Osa,Clarence,Marcia,Dollie,Amelia,Elwood,Bud,Hardy,Herbert,Gustav,Lutie,Blanch,Dicie,Velma
Tech Data1,Tech Data,x,2,Almeda,Faith,Elise,Wayne,Rolla,Cassius,Isom,Lucius,Stephen,Evelina,Enoch,Bennett,Estelle,Lucretia,Jesus
TIAA1,TIAA,x,4,Etna,Jess,Anner,Anthony,Constance,Irvin,Alonzo,Arminta,Stephen,Vina,Julian,Willie,Felicia,Wilbert,Houston
TJX1,TJX,x,5,Alfred,Loma,Van,Elisabeth,Andrew,Leon,Stanley,Maymie,Jennette,Indiana,Luvenia,Dee,Irma,Homer,Mathilda
American Express1,American Express,x,5,Morris,Olga,Mariah,Mazie,Savannah,Will,Huldah,Anita,Celia,Ollie,Isaiah,Teresa,Bernadette,Nevada,Evalyn
Coca-Cola1,Coca-Cola,x,2,Minervia,Grayce,Adelaide,Richard,Kizzie,Prudence,Burton,Neppie,Elmer,Abraham,Charley,Vern,Sylvia,Orval,Estella
Publix Super Markets1,Publix Super Markets,x,4,Elsa,Marcella,Sue,Lugenia,Floyd,Anthony,Peggy,Benjiman,Mitchell,Jonathan,Lida,Daisey,Calvin,Johnie,Leroy
Nike1,Nike,x,3,Solomon,Malcolm,Chris,Augustus,Mollie,Sophia,Elisabeth,Ara,Lona,Michael,Elbert,Pierce,Mary,Constance,Tomas
Andeavor1,Andeavor,x,3,Anita,Johnnie,Frona,Lucie,Cordia,Philomena,Harley,Leda,Dean,Elwood,Alverta,Alonzo,Catharine,Oscar,Paulina
World Fuel Services1,World Fuel Services,x,2,Mollie,Libbie,General,Dock,Angeline,Annette,Anita,Mat,Edythe,Lester,Jeremiah,Otis,Adelaide,Irvin,Alvah
Exelon1,Exelon,x,3,Johanna,Lavina,Isom,Ed,Clay,Judge,Lawson,Almeda,Kate,Jay,Lilian,Dock,Christopher,Lester,Leander
Massachusetts Mutual Life Insurance1,Massachusetts Mutual Life Insurance,x,4,Estelle,Omer,Homer,Virgil,Houston,Rufus,Hardy,Retta,Marcus,Priscilla,Emilie,Eve,Fronie,Harris,Anderson
Rite Aid1,Rite Aid,x,5,Paralee,Alonzo,Eddie,Bernard,August,Elisha,Rollie,Steven,Eudora,Dallas,Clark,Irving,Wallace,Rollin,Era
ConocoPhillips1,ConocoPhillips,x,2,Loren,Fay,Frona,Cordia,Matilda,Rosalia,Carlotta,Fredrick,Bettie,Milton,Minervia,Owen,Joella,Lonnie,Sophie
CHS1,CHS,x,2,Lulu,Ezra,Emil,Maye,Teresa,Howard,Emilia,Gina,Leora,Bud,Donie,Joel,Charley,Enoch,Warren
3M1,3M,x,3,Lafayette,Irving,Bertram,Dan,Myrta,Elisabeth,Debbie,Mat,Claudine,Carlotta,Minerva,Claude,Preston,Columbus,Nick
Time Warner1,Time Warner,x,3,Onie,Kizzie,Delia,Angie,Wiley,Sophie,Bena,Cecile,Lon,Lew,Madison,Dona,Amelia,Katie,Euphemia
General Dynamics1,General Dynamics,x,4,Gracie,Daisey,Vernon,Elijah,Prince,Casper,Elma,Gustav,Nell,Myrta,Zona,Frances,Reuben,Celestia,Belle
USAA1,USAA,x,4,Bennett,Roscoe,Doshia,Sena,William,Josiah,Teresa,Ophelia,Daniel,Ezra,Donie,America,Georgiana,Bernadette,Drucilla
